,P@5_mean,P@5_lo95,P@5_hi95,R@5_mean,R@5_lo95,R@5_hi95,MAP@5_mean,MAP@5_lo95,MAP@5_hi95,MRR@5_mean,MRR@5_lo95,MRR@5_hi95,NDCG@5_mean,NDCG@5_lo95,NDCG@5_hi95
RuleProxy,1.0,1.0,1.0,0.04854368932038834,0.04854368932038834,0.04854368932038834,1.0,1.0,1.0,1.0,1.0,1.0,1.0,1.0,1.0
HistGB,0.74,0.58,0.8600000000000001,0.035922330097087375,0.02815533980582524,0.04174757281553397,0.6563333333333333,0.42766666666666664,0.8256666666666668,0.8833333333333332,0.6833333333333333,1.0,0.7457919716797179,0.5747162849512064,0.877762009472226
RandomForest,0.58,0.36000000000000004,0.76,0.02815533980582524,0.017475728155339803,0.03689320388349514,0.511,0.266,0.735,0.725,0.475,0.9,0.5963238566502037,0.36457049441379297,0.7879078000096397
LinearSVC,0.6,0.36,0.8,0.029126213592233007,0.017475728155339806,0.038834951456310676,0.5163333333333333,0.2573333333333333,0.7573333333333333,0.6900000000000001,0.43,0.9199999999999999,0.5887548943945137,0.3373403699120526,0.8010637699409713
PairSVM,0.44000000000000006,0.22000000000000003,0.7,0.021359223300970873,0.010679611650485435,0.03398058252427184,0.367,0.12666666666666665,0.649,0.49333333333333335,0.23333333333333334,0.7533333333333333,0.4138219338872098,0.17817575274490538,0.6840149811037459
PairLogReg,0.44000000000000006,0.2,0.6799999999999999,0.021359223300970873,0.009708737864077669,0.033009708737864074,0.3553333333333334,0.12000000000000002,0.618,0.43499999999999994,0.20500000000000002,0.6900000000000001,0.41014579053741346,0.16435381885769557,0.6794917433690755
Random,0.14,0.06000000000000001,0.22000000000000003,0.006796116504854369,0.0029126213592233006,0.010679611650485435,0.058666666666666666,0.021666666666666667,0.098,0.25333333333333335,0.095,0.45,0.12613080943366758,0.05593776221713148,0.1963238566502037
