,P@5_mean,P@5_lo95,P@5_hi95,R@5_mean,R@5_lo95,R@5_hi95,MAP@5_mean,MAP@5_lo95,MAP@5_hi95,MRR@5_mean,MRR@5_lo95,MRR@5_hi95,NDCG@5_mean,NDCG@5_lo95,NDCG@5_hi95
RuleProxy,1.0,1.0,1.0,0.04854368932038834,0.04854368932038834,0.04854368932038834,1.0,1.0,1.0,1.0,1.0,1.0,1.0,1.0,1.0
LinearSVC,0.4800000000000001,0.24000000000000005,0.74,0.023300970873786405,0.011650485436893204,0.035922330097087375,0.402,0.13800000000000004,0.688,0.53,0.29000000000000004,0.76,0.46240740940474867,0.22870763771539107,0.7222379905277739
Random,0.24000000000000005,0.16,0.32000000000000006,0.0116504854368932,0.007766990291262136,0.015533980582524271,0.11166666666666665,0.058666666666666666,0.16466666666666668,0.42833333333333334,0.2566666666666667,0.6533333333333333,0.21944448668995298,0.1438455622267711,0.2885737639655176
