,P@5_mean,P@5_lo95,P@5_hi95,R@5_mean,R@5_lo95,R@5_hi95,MAP@5_mean,MAP@5_lo95,MAP@5_hi95,MRR@5_mean,MRR@5_lo95,MRR@5_hi95,NDCG@5_mean,NDCG@5_lo95,NDCG@5_hi95
RuleProxy,1.0,1.0,1.0,0.04854368932038834,0.04854368932038834,0.04854368932038834,1.0,1.0,1.0,1.0,1.0,1.0,1.0,1.0,1.0
HistGrad,0.6799999999999999,0.4800000000000001,0.8200000000000001,0.033009708737864074,0.02330097087378641,0.03980582524271844,0.6066666666666667,0.396,0.7816666666666666,0.875,0.675,1.0,0.6982702661031505,0.5120921999903605,0.840386094433072
LinearSVC,0.4800000000000001,0.2800000000000001,0.7,0.023300970873786405,0.013592233009708738,0.03398058252427184,0.386,0.14800000000000002,0.654,0.55,0.34,0.76,0.46240740940474867,0.24079983770575142,0.7081993810844667
Random,0.14,0.06000000000000001,0.22000000000000003,0.006796116504854369,0.0029126213592233006,0.010679611650485435,0.07466666666666666,0.032,0.12666666666666668,0.32333333333333336,0.11666666666666665,0.5900000000000001,0.14016941887697482,0.06824663776358926,0.21966116224605034
